headline,category,url,scraped_at,headline_clean,date,hour,polarity,subjectivity,sentiment
ODM sets March 27 special delegates convention amid internal rift,Politics,https://www.standardmedia.co.ke/politics/article/2001542430/odm-sets-march-27-special-delegates-convention-amid-internal-rift,2026-03-06 11:57:00,ODM sets March 27 special delegates convention amid internal rift,2026-03-06,11,0.17857142857142858,0.2857142857142857,Positive
Opposition: Infrastructure Fund linked to Ruto's campaigns,Politics,https://www.standardmedia.co.ke/politics/article/2001542413/opposition-infrastructure-fund-linked-to-rutos-campaigns,2026-03-06 11:57:00,Opposition Infrastructure Fund linked to Ruto's campaigns,2026-03-06,11,0.0,0.0,Neutral
"Kalonzo: Mbadi misled Parliament over Sh5trn fund, Safaricom sale",Politics,https://www.standardmedia.co.ke/politics/article/2001542358/kalonzo-mbadi-misled-parliament-over-sh5trn-fund-safaricom-sale,2026-03-06 11:57:00,"Kalonzo Mbadi misled Parliament over Sh5trn fund, Safaricom sale",2026-03-06,11,0.0,0.0,Neutral
"Orengo labels Ruto a 'dictator,' warns ODM revolution has been hijacked",Politics,https://www.standardmedia.co.ke/politics/article/2001542346/orengo-labels-ruto-a-dictator-warns-odm-revolution-has-been-hijacked,2026-03-06 11:57:00,"Orengo labels Ruto a 'dictator,' warns ODM revolution has been hijacked",2026-03-06,11,0.0,0.0,Neutral
Why ODM strongholds are under siege,Politics,https://www.standardmedia.co.ke/politics/article/2001542317/why-odm-strongholds-are-under-siege,2026-03-06 11:57:00,Why ODM strongholds are under siege,2026-03-06,11,0.0,0.0,Neutral
Gladys Wanga: William Ruto's spanner girl,Politics,https://www.standardmedia.co.ke/politics/article/2001542306/gladys-wanga-william-rutos-spanner-girl,2026-03-06 11:57:00,Gladys Wanga William Ruto's spanner girl,2026-03-06,11,0.0,0.0,Neutral
Why Oburu Oginga camp is desperate for a slice of power,Politics,https://www.standardmedia.co.ke/politics/article/2001542307/why-oburu-oginga-camp-is-desperate-for-a-slice-of-power,2026-03-06 11:57:00,Why Oburu Oginga camp is desperate for a slice of power,2026-03-06,11,-0.6,1.0,Negative
Why Johana Ng'eno's death has sparked political tensions,Politics,https://www.standardmedia.co.ke/politics/article/2001542309/why-johana-ngenos-death-has-sparked-political-tensions,2026-03-06 11:57:00,Why Johana Ng'eno's death has sparked political tensions,2026-03-06,11,0.0,0.1,Neutral
"Inside Gladys Wanga, PS Omollo cold wars",Politics,https://www.standardmedia.co.ke/politics/article/2001542315/inside-gladys-wanga-ps-omollo-cold-wars,2026-03-06 11:57:00,"Inside Gladys Wanga, PS Omollo cold wars",2026-03-06,11,-0.6,1.0,Negative
Anxiety as team readies to hand over Nadco report,Politics,https://www.standardmedia.co.ke/politics/article/2001542316/anxiety-as-team-readies-to-hand-over-nadco-report,2026-03-06 11:57:00,Anxiety as team readies to hand over Nadco report,2026-03-06,11,0.0,0.0,Neutral
Ngunjiri questions Uhuru's choice for Matiangi's presidential candidature,Politics,https://www.standardmedia.co.ke/politics/article/2001542294/ngunjiri-questions-uhurus-choice-for-matiangis-presidential-candidature,2026-03-06 11:57:00,Ngunjiri questions Uhuru's choice for Matiangi's presidential candidature,2026-03-06,11,0.0,0.0,Neutral
ODM under siege after parties invade its strongholds,Politics,https://www.standardmedia.co.ke/politics/article/2001542276/odm-under-siege-after-parties-invade-its-strongholds,2026-03-06 11:57:00,ODM under siege after parties invade its strongholds,2026-03-06,11,0.0,0.0,Neutral
Storm over alleged issuance of passport to Sudanese warlords,Politics,https://www.standardmedia.co.ke/politics/article/2001542259/storm-over-alleged-issuance-of-passport-to-sudanese-warlords,2026-03-06 11:57:00,Storm over alleged issuance of passport to Sudanese warlords,2026-03-06,11,-0.1,0.1,Neutral
"ODM MPs fight over zoning, Sifuna post",Politics,https://www.standardmedia.co.ke/politics/article/2001542213/odm-mps-fight-over-zoning-sifuna-post,2026-03-06 11:57:00,"ODM MPs fight over zoning, Sifuna post",2026-03-06,11,0.0,0.0,Neutral
"Why Wanga, Omollo are in silent war",Politics,https://www.standardmedia.co.ke/politics/article/2001542188/why-wanga-omollo-are-in-silent-war,2026-03-06 11:57:00,"Why Wanga, Omollo are in silent war",2026-03-06,11,0.0,0.1,Neutral
Revealed: How Sh100 million was raised to impeach Mwangaza,Politics,https://www.standardmedia.co.ke/politics/article/2001542102/revealed-how-sh100-million-was-raised-to-impeach-mwangaza,2026-03-06 11:57:00,Revealed How Sh100 million was raised to impeach Mwangaza,2026-03-06,11,0.0,0.0,Neutral
"Stop hoodwinking Nyanza, UGM tells government",Politics,https://www.standardmedia.co.ke/politics/article/2001542104/stop-hoodwinking-nyanza-ugm-tells-government,2026-03-06 11:57:00,"Stop hoodwinking Nyanza, UGM tells government",2026-03-06,11,0.0,0.0,Neutral
Sifuna: ODM-Ruto pact will send party 'straight to the opposition',Politics,https://www.standardmedia.co.ke/politics/article/2001542119/sifuna-odm-ruto-pact-will-send-party-straight-to-the-opposition,2026-03-06 11:57:00,Sifuna ODM-Ruto pact will send party 'straight to the opposition',2026-03-06,11,0.2,0.4,Positive
This man Ngeno: Why MP defied William Ruto,Politics,https://www.standardmedia.co.ke/politics/article/2001542048/this-man-ngeno-why-mp-defied-william-ruto,2026-03-06 11:57:00,This man Ngeno Why MP defied William Ruto,2026-03-06,11,0.0,0.0,Neutral
"Bungoma leaders endorse Sifuna for presidency, dismiss calls to back Ruto",Politics,https://www.standardmedia.co.ke/politics/article/2001542060/bungoma-leaders-endorse-sifuna-for-presidency-dismiss-calls-to-back-ruto,2026-03-06 11:57:00,"Bungoma leaders endorse Sifuna for presidency, dismiss calls to back Ruto",2026-03-06,11,0.0,0.0,Neutral
"PS Omollo warns of arrests, prosecution over political rally chaos",Politics,https://www.standardmedia.co.ke/politics/article/2001542039/ps-omollo-warns-of-arrests-prosecution-over-political-rally-chaos,2026-03-06 11:57:00,"PS Omollo warns of arrests, prosecution over political rally chaos",2026-03-06,11,0.0,0.1,Neutral
Inside Gladys Wanga's changing fortunes,Politics,https://www.standardmedia.co.ke/politics/article/2001541975/inside-gladys-wangas-changing-fortunes,2026-03-06 11:57:00,Inside Gladys Wanga's changing fortunes,2026-03-06,11,0.0,0.0,Neutral
Why Hassan Joho wants to be Ruto's 2027 running mate,Politics,https://www.standardmedia.co.ke/politics/article/2001541993/why-hassan-joho-wants-to-be-rutos-2027-running-mate,2026-03-06 11:57:00,Why Hassan Joho wants to be Ruto's 2027 running mate,2026-03-06,11,0.2,0.1,Positive
"Duped, then locked out: Lawyer sues UDA over CS promise and locked portal",Politics,https://www.standardmedia.co.ke/politics/article/2001541974/duped-then-locked-out-lawyer-sues-uda-over-cs-promise-and-locked-portal,2026-03-06 11:57:00,"Duped, then locked out Lawyer sues UDA over CS promise and locked portal",2026-03-06,11,0.0,0.0,Neutral
Oburu-Wanga: Ruto's negotiators or grassroots mobilizers?,Politics,https://www.standardmedia.co.ke/politics/article/2001541980/oburu-wanga-rutos-negotiators-or-grassroots-mobilizers,2026-03-06 11:57:00,Oburu-Wanga Ruto's negotiators or grassroots mobilizers?,2026-03-06,11,0.0,0.0,Neutral
Ruto throws PAA into disarray after State House meeting,Politics,https://www.standardmedia.co.ke/politics/article/2001541989/ruto-throws-paa-into-disarray-after-state-house-meeting,2026-03-06 11:57:00,Ruto throws PAA into disarray after State House meeting,2026-03-06,11,0.0,0.0,Neutral
"Sifuna's moment, Luhya surge as 2027 beckons",Politics,https://www.standardmedia.co.ke/politics/article/2001541919/sifunas-moment-luhya-surge-as-2027-beckons,2026-03-06 11:57:00,"Sifuna's moment, Luhya surge as 2027 beckons",2026-03-06,11,0.0,0.0,Neutral
"Of empty office and witchcraft whispers: Godhana's battle with faith, fear and politics",Politics,https://www.standardmedia.co.ke/politics/article/2001541883/of-empty-office-and-witchcraft-whispers-godhanas-battle-with-faith-fear-and-politics,2026-03-06 11:57:00,"Of empty office and witchcraft whispers Godhana's battle with faith, fear and politics",2026-03-06,11,-0.1,0.5,Neutral
"Why court has blocked police from arresting, prosecuting fertility doctor",Politics,https://www.standardmedia.co.ke/crime-and-justice/article/2001542431/why-court-has-blocked-police-from-arresting-prosecuting-fertility-doctor,2026-03-06 11:57:00,"Why court has blocked police from arresting, prosecuting fertility doctor",2026-03-06,11,0.0,0.0,Neutral
How DNA verdict saved daughter's share in late Mark Too's estate,Politics,https://www.standardmedia.co.ke/crime-and-justice/article/2001542429/how-dna-verdict-saved-daughters-share-in-late-mark-toos-estate,2026-03-06 11:57:00,How DNA verdict saved daughter's share in late Mark Too's estate,2026-03-06,11,-0.3,0.6,Negative
Ethiopia rebels gang-raped children- Amnesty,Politics,https://www.standardmedia.co.ke/africa/article/2001542432/ethiopia-rebels-gang-raped-children-amnesty,2026-03-06 11:57:00,Ethiopia rebels gang-raped children- Amnesty,2026-03-06,11,0.0,0.0,Neutral
"Johana Ng'eno's paradox: Love, power and tragic end",Politics,https://www.standardmedia.co.ke/national/article/2001542428/johana-ngenos-paradox-love-power-and-tragic-end,2026-03-06 11:57:00,"Johana Ng'eno's paradox Love, power and tragic end",2026-03-06,11,-0.125,0.675,Negative
"Vybz Kartel denies links to Talanta East Africa Festival, warns fans of fake tour",Politics,https://www.standardmedia.co.ke/entertainment/article/2001542427/vybz-kartel-denies-links-to-talanta-east-africa-festival-warns-fans-of-fake-tour,2026-03-06 11:57:00,"Vybz Kartel denies links to Talanta East Africa Festival, warns fans of fake tour",2026-03-06,11,-0.5,1.0,Negative
Mini-budget tests IMF austerity demands as State spending soars,Business,https://www.standardmedia.co.ke/business/business/article/2001542397/mini-budget-tests-imf-austerity-demands-as-state-spending-soars,2026-03-06 11:58:00,Mini-budget tests IMF austerity demands as State spending soars,2026-03-06,11,0.0,0.0,Neutral
State: Gulf firms to keep fuel flowing into Kenya despite Middle East crisis,Business,https://www.standardmedia.co.ke/business/business/article/2001542402/state-gulf-firms-to-keep-fuel-flowing-into-kenya-despite-middle-east-crisis,2026-03-06 11:58:00,State Gulf firms to keep fuel flowing into Kenya despite Middle East crisis,2026-03-06,11,0.0,0.0,Neutral
"GCR affirms Afreximbank ratings, removes rating watch on reduced sovereign risk",Business,https://www.standardmedia.co.ke/business/business/article/2001542421/gcr-affirms-afreximbank-ratings-removes-rating-watch-on-reduced-sovereign-risk,2026-03-06 11:58:00,"GCR affirms Afreximbank ratings, removes rating watch on reduced sovereign risk",2026-03-06,11,0.0,0.0,Neutral
MPs demand names of defaulters as Hustler Fund unpaid loans hit Sh12.5b,Business,https://www.standardmedia.co.ke/business/business/article/2001542409/mps-demand-names-of-defaulters-as-hustler-fund-unpaid-loans-hit-sh125b,2026-03-06 11:58:00,MPs demand names of defaulters as Hustler Fund unpaid loans hit Sh12.5b,2026-03-06,11,0.2,0.4,Positive
"KQ picks NSE boss Kiprono Kittony, David Ndii in Board shake-up",Business,https://www.standardmedia.co.ke/business/business/article/2001542383/kq-picks-nse-boss-kiprono-kittony-david-ndii-in-board-shake-up,2026-03-06 11:58:00,"KQ picks NSE boss Kiprono Kittony, David Ndii in Board shake-up",2026-03-06,11,0.0,0.0,Neutral
Tea market nets Sh1.5 billion for the smallholder factories in a week,Business,https://www.standardmedia.co.ke/business/business/article/2001542381/tea-market-nets-sh15-billion-for-the-smallholder-factories-in-a-week,2026-03-06 11:58:00,Tea market nets Sh1.5 billion for the smallholder factories in a week,2026-03-06,11,0.0,0.0,Neutral
MultiChoice shuts down Showmax after 11 years,Business,https://www.standardmedia.co.ke/business/business/article/2001542359/multichoice-shuts-down-showmax-after-11-years,2026-03-06 11:58:00,MultiChoice shuts down Showmax after 11 years,2026-03-06,11,-0.15555555555555559,0.2888888888888889,Negative
Dividend boom for Absa shareholders as profit up 10pc to Sh22.9B,Business,https://www.standardmedia.co.ke/business/business/article/2001542334/dividend-boom-for-absa-shareholders-as-profit-up-10pc-to-sh229b,2026-03-06 11:58:00,Dividend boom for Absa shareholders as profit up 10pc to Sh22.9B,2026-03-06,11,0.0,0.0,Neutral
Why this is the best time to own a house,Business,https://www.standardmedia.co.ke/business/real-estate/article/2001542319/why-this-is-the-best-time-to-own-a-house,2026-03-06 11:58:00,Why this is the best time to own a house,2026-03-06,11,0.8,0.65,Positive
Why Freight costs at Mombasa Port have increased by 50pc,Business,https://www.standardmedia.co.ke/business/shipping-logistics/article/2001542318/why-freight-costs-at-mombasa-port-have-increased-by-50pc,2026-03-06 11:58:00,Why Freight costs at Mombasa Port have increased by 50pc,2026-03-06,11,0.0,0.0,Neutral
How affordable housing is reshaping Kisumu property market,Business,https://www.standardmedia.co.ke/business/real-estate/article/2001542298/how-affordable-housing-is-reshaping-kisumu-property-market,2026-03-06 11:58:00,How affordable housing is reshaping Kisumu property market,2026-03-06,11,0.0,0.0,Neutral
"Mbadi's double speak: CS now says NIF a Fund, not limited company",Business,https://www.standardmedia.co.ke/business/business/article/2001542311/mbadis-double-speak-cs-now-says-nif-a-fund-not-limited-company,2026-03-06 11:58:00,"Mbadi's double speak CS now says NIF a Fund, not limited company",2026-03-06,11,0.017857142857142856,0.07142857142857142,Neutral
Afreximbank tops Bloomberg's Africa borrower loan league tables for 2025,Business,https://www.standardmedia.co.ke/business/business/article/2001542321/afreximbank-tops-bloombergs-africa-borrower-loan-league-tables-for-2025,2026-03-06 11:58:00,Afreximbank tops Bloomberg's Africa borrower loan league tables for 2025,2026-03-06,11,0.0,0.0,Neutral
"KTDA elects new chairperson, vice chair",Business,https://www.standardmedia.co.ke/business/business/article/2001542297/ktda-elects-new-chairperson-vice-chair,2026-03-06 11:58:00,"KTDA elects new chairperson, vice chair",2026-03-06,11,0.13636363636363635,0.45454545454545453,Positive
"Museveni launches Uganda's first Islamic insurance providerYoweri Museveni has launched Uganda’s first Islamic insurance provider, Tamini, a sister company to Salaam Bank.",Business,https://www.standardmedia.co.ke/business/business/article/2001542293/museveni-launches-ugandas-first-islamic-insurance-provider,2026-03-06 11:58:00,"Museveni launches Uganda's first Islamic insurance providerYoweri Museveni has launched Ugandas first Islamic insurance provider, Tamini, a sister company to Salaam Bank.",2026-03-06,11,0.25,0.3333333333333333,Positive
Kenya Pipeline beats Sh106b IPO target as investors scramble for sharesThe Kenya Pipeline Company (KPC) will soon be listed at the Nairobi Stocks Exchange (NSE) after a successful Initial Public Offering (IPO) where its shares were oversubscribed.,Business,https://www.standardmedia.co.ke/business/business/article/2001542275/kenya-pipeline-beats-sh106b-ipo-target-as-investors-scramble-for-shares,2026-03-06 11:58:00,Kenya Pipeline beats Sh106b IPO target as investors scramble for sharesThe Kenya Pipeline Company KPC will soon be listed at the Nairobi Stocks Exchange NSE after a successful Initial Public Offering IPO where its shares were oversubscribed.,2026-03-06,11,0.25,0.33888888888888885,Positive
Murang'a Industrial park attracts 27 investors on Delmonte land,Business,https://www.standardmedia.co.ke/business/business/article/2001542258/muranga-industrial-park-attracts-27-investors-on-delmonte-land,2026-03-06 11:58:00,Murang'a Industrial park attracts 27 investors on Delmonte land,2026-03-06,11,0.0,0.0,Neutral
Uganda joins Kenya and Djibouti in Islamic insurance expansion,Business,https://www.standardmedia.co.ke/business/business/article/2001542239/uganda-joins-kenya-and-djibouti-in-islamic-insurance-expansion,2026-03-06 11:58:00,Uganda joins Kenya and Djibouti in Islamic insurance expansion,2026-03-06,11,0.0,0.0,Neutral
Enos Njeru makes a comeback at KTDA Holding,Business,https://www.standardmedia.co.ke/business/business/article/2001542232/enos-njeru-makes-a-comeback-at-ktda-holding,2026-03-06 11:58:00,Enos Njeru makes a comeback at KTDA Holding,2026-03-06,11,0.0,0.0,Neutral
Inside reforms and risks of contract conversion for civil Service,Business,https://www.standardmedia.co.ke/business/work-life/article/2001542204/inside-reforms-and-risks-of-contract-conversion-for-civil-service,2026-03-06 11:58:00,Inside reforms and risks of contract conversion for civil Service,2026-03-06,11,0.0,0.0,Neutral
"Police, prison officers to benefit from 47,000 housing units plan",Business,https://www.standardmedia.co.ke/business/real-estate/article/2001542157/police-prison-officers-to-benefit-from-47000-housing-units-plan,2026-03-06 11:58:00,"Police, prison officers to benefit from 47,000 housing units plan",2026-03-06,11,0.0,0.0,Neutral
"Manyanja Mall: Quickmart, Goodlife and Rubis among anchor tenants of Sh400 million mall",Business,https://www.standardmedia.co.ke/business/real-estate/article/2001541739/manyanja-mall-quickmart-goodlife-and-rubis-among-anchor-tenants-of-sh400-million-mall,2026-03-06 11:58:00,"Manyanja Mall Quickmart, Goodlife and Rubis among anchor tenants of Sh400 million mall",2026-03-06,11,0.0,0.0,Neutral
Inside beer distribution dispute threatening Diageo's exit plan,Business,https://www.standardmedia.co.ke/business/financial-standard/article/2001542087/inside-beer-distribution-dispute-threatening-diageos-exit-plan,2026-03-06 11:58:00,Inside beer distribution dispute threatening Diageo's exit plan,2026-03-06,11,0.0,0.0,Neutral
"Sale of strategic assets, infrastructure fund offer new fodder for Ruto critics",Business,https://www.standardmedia.co.ke/business/financial-standard/article/2001542090/sale-of-strategic-assets-infrastructure-fund-offer-new-fodder-for-ruto-critics,2026-03-06 11:58:00,"Sale of strategic assets, infrastructure fund offer new fodder for Ruto critics",2026-03-06,11,0.13636363636363635,0.45454545454545453,Positive
From austerity to handouts: Ruto's Sh4.7tr pre-election budget to appease Kenyans,Business,https://www.standardmedia.co.ke/business/financial-standard/article/2001541570/from-austerity-to-handouts-rutos-sh47tr-pre-election-budget-to-appease-kenyans,2026-03-06 11:58:00,From austerity to handouts Ruto's Sh4.7tr pre-election budget to appease Kenyans,2026-03-06,11,0.0,0.0,Neutral
How Kenya missed out on Sh125b World Bank project,Business,https://www.standardmedia.co.ke/business/financial-standard/article/2001542085/how-kenya-missed-out-on-sh125b-world-bank-project,2026-03-06 11:58:00,How Kenya missed out on Sh125b World Bank project,2026-03-06,11,0.0,0.0,Neutral
Vanishing cigarettes: Smuggling rackets that cost Kenya millions,Business,https://www.standardmedia.co.ke/business/financial-standard/article/2001541572/vanishing-cigarettes-smuggling-rackets-that-cost-kenya-millions,2026-03-06 11:58:00,Vanishing cigarettes Smuggling rackets that cost Kenya millions,2026-03-06,11,0.0,0.0,Neutral
Mbadi: Malaba SGR extension aims to shun  external debt,Business,https://www.standardmedia.co.ke/business/financial-standard/article/2001541566/mbadi-malaba-sgr-extension-aims-to-shun-external-debt,2026-03-06 11:58:00,Mbadi Malaba SGR extension aims to shun external debt,2026-03-06,11,0.0,0.1,Neutral
From SGR operations to dollar deals: Inside Kenya Railways audit queries,Business,https://www.standardmedia.co.ke/business/financial-standard/article/2001541018/from-sgr-operations-to-dollar-deals-inside-kenya-railways-audit-queries,2026-03-06 11:58:00,From SGR operations to dollar deals Inside Kenya Railways audit queries,2026-03-06,11,0.0,0.0,Neutral
Konza inks deal with Moroccan firm to deliver AI certification,Business,https://www.standardmedia.co.ke/business/sci-tech/article/2001541963/konza-inks-deal-with-moroccan-firm-to-deliver-ai-certification,2026-03-06 11:58:00,Konza inks deal with Moroccan firm to deliver AI certification,2026-03-06,11,-0.2,0.4,Negative
"Murang'a leads counties in jobs, digital services",Business,https://www.standardmedia.co.ke/business/sci-tech/article/2001541673/muranga-leads-counties-in-jobs-digital-services,2026-03-06 11:58:00,"Murang'a leads counties in jobs, digital services",2026-03-06,11,0.0,0.0,Neutral
PS Isaboke calls for adoption of technology that addresses consumer needs,Business,https://www.standardmedia.co.ke/business/sci-tech/article/2001540691/ps-isaboke-calls-for-adoption-of-technology-that-addresses-consumer-needs,2026-03-06 11:58:00,PS Isaboke calls for adoption of technology that addresses consumer needs,2026-03-06,11,0.0,0.0,Neutral
"Kenya, Italy hand 130 African startups keys to AI revolution",Business,https://www.standardmedia.co.ke/business/sci-tech/article/2001540598/kenya-italy-hand-130-african-startups-keys-to-ai-revolution,2026-03-06 11:58:00,"Kenya, Italy hand 130 African startups keys to AI revolution",2026-03-06,11,0.0,0.0,Neutral
"Jack of two trades, master of both: From sporting heroes to business championsInstead of waiting for retirement to figure things out, sportsmen are investing early, building businesses and shaping life beyond medals and trophies.",Business,https://www.standardmedia.co.ke/business/sports/article/2001542037/jack-of-two-trades-master-of-both-from-sporting-heroes-to-business-champions,2026-03-06 11:58:00,"Jack of two trades, master of both From sporting heroes to business championsInstead of waiting for retirement to figure things out, sportsmen are investing early, building businesses and shaping life beyond medals and trophies.",2026-03-06,11,0.1,0.3,Neutral
PremiumHow broken league is derailing Kenya Lionesses' future,Business,https://www.standardmedia.co.ke/business/rugby/article/2001541940/how-broken-league-is-derailing-kenya-lionesses-future,2026-03-06 11:58:00,PremiumHow broken league is derailing Kenya Lionesses' future,2026-03-06,11,-0.2,0.2625,Negative
PremiumA decade at the helm: Gianni Infantino marks 10 years as Kenya features in FIFA's long-term plan,Business,https://www.standardmedia.co.ke/business/football/article/2001541777/a-decade-at-the-helm-gianni-infantino-marks-10-years-as-kenya-features-in-fifas-long-term-plan,2026-03-06 11:58:00,PremiumA decade at the helm Gianni Infantino marks 10 years as Kenya features in FIFA's long-term plan,2026-03-06,11,0.0,0.0,Neutral
PremiumBeyond the playbook: Inside secrets of successful high school tacticians,Business,https://www.standardmedia.co.ke/business/sports/article/2001541535/beyond-the-playbook-inside-secrets-of-successful-high-school-tacticians,2026-03-06 11:58:00,PremiumBeyond the playbook Inside secrets of successful high school tacticians,2026-03-06,11,0.455,0.7449999999999999,Positive
"PremiumHow calm Jarvis came, saw and bagged Sh60m in just four days",Business,https://www.standardmedia.co.ke/business/golf/article/2001541532/how-calm-jarvis-came-saw-and-bagged-sh60m-in-just-four-days,2026-03-06 11:58:00,"PremiumHow calm Jarvis came, saw and bagged Sh60m in just four days",2026-03-06,11,0.30000000000000004,0.75,Positive
PremiumAnest Karegi: One-handed man baffling villagers with soccer pitch exploits,Business,https://www.standardmedia.co.ke/business/sports/article/2001541214/anest-karegi-one-handed-man-baffling-villagers-with-soccer-pitch-exploits,2026-03-06 11:58:00,PremiumAnest Karegi One-handed man baffling villagers with soccer pitch exploits,2026-03-06,11,0.0,0.0,Neutral
PremiumInside Victor Omune's Ingwe push to fulfil father's dream,Business,https://www.standardmedia.co.ke/business/football/article/2001541087/inside-victor-omunes-ingwe-push-to-fulfil-fathers-dream,2026-03-06 11:58:00,PremiumInside Victor Omune's Ingwe push to fulfil father's dream,2026-03-06,11,0.0,0.0,Neutral
PremiumHow Kevin Wekesa turned rugby platform into climate action force,Business,https://www.standardmedia.co.ke/business/rugby/article/2001540535/how-kevin-wekesa-turned-rugby-platform-into-climate-action-force,2026-03-06 11:58:00,PremiumHow Kevin Wekesa turned rugby platform into climate action force,2026-03-06,11,0.1,0.1,Neutral
PremiumWhy Rising Starlets aren't out of the woods,Business,https://www.standardmedia.co.ke/business/sports/article/2001540447/why-rising-starlets-arent-out-of-the-woods,2026-03-06 11:58:00,PremiumWhy Rising Starlets aren't out of the woods,2026-03-06,11,0.0,0.0,Neutral
Expanding tax base key to Kenya's economic prosperity,Business,https://www.standardmedia.co.ke/business/opinion/article/2001542153/expanding-tax-base-key-to-kenyas-economic-prosperity,2026-03-06 11:58:00,Expanding tax base key to Kenya's economic prosperity,2026-03-06,11,-0.20000000000000004,0.7333333333333334,Negative
Why every Kenyan must protect their personal data,Business,https://www.standardmedia.co.ke/business/opinion/article/2001541958/why-every-kenyan-must-protect-their-personal-data,2026-03-06 11:58:00,Why every Kenyan must protect their personal data,2026-03-06,11,0.0,0.3,Neutral
Dashboards: How to locate the blind spot,Business,https://www.standardmedia.co.ke/business/opinion/article/2001541709/dashboards-how-to-locate-the-blind-spot,2026-03-06 11:58:00,Dashboards How to locate the blind spot,2026-03-06,11,-0.5,0.6666666666666666,Negative
Time to change Kenya's e-mobility policy from strategic vision to measured transition,Business,https://www.standardmedia.co.ke/business/opinion/article/2001541633/time-to-change-kenyas-e-mobility-policy-from-strategic-vision-to-measured-transition,2026-03-06 11:58:00,Time to change Kenya's e-mobility policy from strategic vision to measured transition,2026-03-06,11,0.0,0.0,Neutral
Kenyan startups outshine Africa with three major innovation wins,Business,https://www.standardmedia.co.ke/business/enterprise/article/2001542022/kenyan-startups-outshine-africa-with-three-major-innovation-wins,2026-03-06 11:58:00,Kenyan startups outshine Africa with three major innovation wins,2026-03-06,11,0.18125,0.35,Positive
"AI platform to fast-track women, youth into Kenya's green jobs",Business,https://www.standardmedia.co.ke/business/enterprise/article/2001541771/ai-platform-to-fast-track-women-youth-into-kenyas-green-jobs,2026-03-06 11:58:00,"AI platform to fast-track women, youth into Kenya's green jobs",2026-03-06,11,-0.2,0.3,Negative
How UAE's Sh130 billion AI initiative could transform African economies,Business,https://www.standardmedia.co.ke/business/enterprise/article/2001541718/how-uaes-sh130-billion-ai-initiative-could-transform-african-economies,2026-03-06 11:58:00,How UAE's Sh130 billion AI initiative could transform African economies,2026-03-06,11,0.0,0.0,Neutral
The man financing Africa's cargo flow and missing link in trade boom,Business,https://www.standardmedia.co.ke/business/enterprise/article/2001542214/the-man-financing-africas-cargo-flow-and-missing-link-in-trade-boom,2026-03-06 11:58:00,The man financing Africa's cargo flow and missing link in trade boom,2026-03-06,11,-0.2,0.05,Negative
How a grieving Busia couple turned agony into profitable venture,Business,https://www.standardmedia.co.ke/business/enterprise/article/2001541711/how-a-grieving-busia-couple-turned-agony-into-profitable-venture,2026-03-06 11:58:00,How a grieving Busia couple turned agony into profitable venture,2026-03-06,11,0.0,0.0,Neutral
When fundamentals are stable but the patient is terrified,Business,https://www.standardmedia.co.ke/business/enterprise/article/2001541292/when-fundamentals-are-stable-but-the-patient-is-terrified,2026-03-06 11:58:00,When fundamentals are stable but the patient is terrified,2026-03-06,11,0.0,0.0,Neutral
"Why services sector offers best bet for jobs, economic development",Business,https://www.standardmedia.co.ke/business/enterprise/article/2001541290/why-services-sector-offers-best-bet-for-jobs-economic-development,2026-03-06 11:58:00,"Why services sector offers best bet for jobs, economic development",2026-03-06,11,0.43333333333333335,0.16666666666666666,Positive
This woman Kibue: Kenya's first female professor of architecture,Business,https://www.standardmedia.co.ke/business/work-life/article/2001533190/this-woman-kibue-kenyas-first-female-professor-of-architecture,2026-03-06 11:58:00,This woman Kibue Kenya's first female professor of architecture,2026-03-06,11,0.125,0.25,Positive
From rot to revenue: How farmers are redefining waste into wealth,Business,https://www.standardmedia.co.ke/business/work-life/article/2001533158/from-rot-to-revenue-how-farmers-are-redefining-waste-into-wealth,2026-03-06 11:58:00,From rot to revenue How farmers are redefining waste into wealth,2026-03-06,11,-0.2,0.0,Negative
"Fintechs prioritise experience, financial education during customer service week",Business,https://www.standardmedia.co.ke/business/work-life/article/2001531503/fintechs-prioritise-experience-financial-education-during-customer-service-week,2026-03-06 11:58:00,"Fintechs prioritise experience, financial education during customer service week",2026-03-06,11,0.0,0.0,Neutral
How high-value bee products can unlock millions for Kenyans,Business,https://www.standardmedia.co.ke/business/dr-pesa/article/2001542202/how-high-value-bee-products-can-unlock-millions-for-kenyans,2026-03-06 11:58:00,How high-value bee products can unlock millions for Kenyans,2026-03-06,11,0.0,0.0,Neutral
What the new green number plates for electric vehicles mean,Business,https://www.standardmedia.co.ke/business/motoring/article/2001540319/what-the-new-green-number-plates-for-electric-vehicles-mean,2026-03-06 11:58:00,What the new green number plates for electric vehicles mean,2026-03-06,11,-0.1253787878787879,0.48068181818181815,Negative
Motoring: Why Suzuki is winning Kenya's taxi market,Business,https://www.standardmedia.co.ke/business/motoring/article/2001539631/motoring-why-suzuki-is-winning-kenyas-taxi-market,2026-03-06 11:58:00,Motoring Why Suzuki is winning Kenya's taxi market,2026-03-06,11,0.5,0.75,Positive
Tesla loses EV crown to China's BYD in 2025 as sales slip,Business,https://www.standardmedia.co.ke/business/motoring/article/2001537722/tesla-loses-ev-crown-to-chinas-byd-in-2025-as-sales-slip,2026-03-06 11:58:00,Tesla loses EV crown to China's BYD in 2025 as sales slip,2026-03-06,11,-0.3,0.1,Negative
Troubling skies: Inside the surge in aircraft crashes,Business,https://www.standardmedia.co.ke/business/motoring/article/2001537548/troubling-skies-inside-the-surge-in-aircraft-crashes,2026-03-06 11:58:00,Troubling skies Inside the surge in aircraft crashes,2026-03-06,11,0.0,0.0,Neutral
Flu season is here: Kenya sounds alarm as influenza cases rise,Health,https://www.standardmedia.co.ke/health/health-science/article/2001542375/flu-season-is-here-kenya-sounds-alarm-as-influenza-cases-rise,2026-03-06 11:58:00,Flu season is here Kenya sounds alarm as influenza cases rise,2026-03-06,11,0.0,0.0,Neutral
Kilifi county rolls out initiative to boost primary healthcare at the grassroots,Health,https://www.standardmedia.co.ke/health/health-science/article/2001542279/kilifi-county-rolls-out-initiative-to-boost-primary-healthcare-at-the-grassroots,2026-03-06 11:58:00,Kilifi county rolls out initiative to boost primary healthcare at the grassroots,2026-03-06,11,0.4,0.5,Positive
Chinese scientists develop non-invasive method for brain imaging in mice,Health,https://www.standardmedia.co.ke/health/health-science/article/2001542253/chinese-scientists-develop-non-invasive-method-for-brain-imaging-in-mice,2026-03-06 11:58:00,Chinese scientists develop non-invasive method for brain imaging in mice,2026-03-06,11,0.0,0.0,Neutral
"Train teachers with basic life-saving skills, government told",Health,https://www.standardmedia.co.ke/health/health-science/article/2001542252/train-teachers-with-basic-life-saving-skills-government-told,2026-03-06 11:58:00,"Train teachers with basic life-saving skills, government told",2026-03-06,11,0.0,0.125,Neutral
"Zimbabwe, Zambia now reject US health funding deal over data fears",Health,https://www.standardmedia.co.ke/health/health-science/article/2001542118/zimbabwe-zambia-now-reject-us-health-funding-deal-over-data-fears,2026-03-06 11:58:00,"Zimbabwe, Zambia now reject US health funding deal over data fears",2026-03-06,11,0.0,0.0,Neutral
MPs probe KNH over idle Sh453m oxygen facility,Health,https://www.standardmedia.co.ke/health/health-science/article/2001542120/mps-probe-knh-over-idle-sh453m-oxygen-facility,2026-03-06 11:58:00,MPs probe KNH over idle Sh453m oxygen facility,2026-03-06,11,0.0,0.0,Neutral
Inside the hidden pressures that come with menopause,Health,https://www.standardmedia.co.ke/health/health-science/article/2001542046/inside-the-hidden-pressures-that-come-with-menopause,2026-03-06 11:58:00,Inside the hidden pressures that come with menopause,2026-03-06,11,-0.16666666666666666,0.3333333333333333,Negative
"Nature's cure: How forest walks cut stress, boost health",Health,https://www.standardmedia.co.ke/health/family-wellness/article/2001531675/natures-cure-how-forest-walks-cut-stress-boost-health,2026-03-06 11:58:00,"Nature's cure How forest walks cut stress, boost health",2026-03-06,11,0.0,0.0,Neutral
Why red meat is not that bad after all,Health,https://www.standardmedia.co.ke/health/family-wellness/article/2001531673/why-red-meat-is-not-that-bad-after-all,2026-03-06 11:58:00,Why red meat is not that bad after all,2026-03-06,11,-0.3499999999999999,0.3333333333333333,Negative
25 million kids missed routine vaccinations because of Covid-19,Health,https://www.standardmedia.co.ke/health/nutrition-wellness/article/2001450593/25-million-kids-missed-routine-vaccinations-because-of-covid-19,2026-03-06 11:58:00,25 million kids missed routine vaccinations because of Covid-19,2026-03-06,11,0.0,0.0,Neutral
"Marsabit drought: Even adults are malnourished, we're waiting on God",Health,https://www.standardmedia.co.ke/health/nutrition-wellness/article/2001444213/marsabit-drought-even-adults-are-malnourished-were-waiting-on-god,2026-03-06 11:58:00,"Marsabit drought Even adults are malnourished, we're waiting on God",2026-03-06,11,0.0,0.0,Neutral
"Menopause is a stage to be understood, not a disease",Health,https://www.standardmedia.co.ke/health/reproductive-health/article/2001542017/menopause-is-a-stage-to-be-understood-not-a-disease,2026-03-06 11:58:00,"Menopause is a stage to be understood, not a disease",2026-03-06,11,0.0,0.0,Neutral
"Thirty and unrushed: How women are redefining marriage timelines, myths",Health,https://www.standardmedia.co.ke/health/reproductive-health/article/2001536908/thirty-and-unrushed-how-women-are-redefining-marriage-timelines-myths,2026-03-06 11:58:00,"Thirty and unrushed How women are redefining marriage timelines, myths",2026-03-06,11,0.0,0.0,Neutral
How breastfeeding rooms are empowering working mothers,Health,https://www.standardmedia.co.ke/health/reproductive-health/article/2001534817/how-breastfeeding-rooms-are-empowering-working-mothers,2026-03-06 11:58:00,How breastfeeding rooms are empowering working mothers,2026-03-06,11,0.0,0.0,Neutral
How to recognise child-on-child sexual abuse,Health,https://www.standardmedia.co.ke/health/reproductive-health/article/2001533352/how-to-recognise-child-on-child-sexual-abuse,2026-03-06 11:58:00,How to recognise child-on-child sexual abuse,2026-03-06,11,0.5,0.8333333333333334,Positive
Why Gen Z is saying no to having children,Health,https://www.standardmedia.co.ke/health/reproductive-health/article/2001532789/why-gen-z-is-saying-no-to-having-children,2026-03-06 11:58:00,Why Gen Z is saying no to having children,2026-03-06,11,0.0,0.0,Neutral
'Zuri died in the Neonatal Intensive Care Unit': Ashley Muteti's battle with pre-eclampsia,Health,https://www.standardmedia.co.ke/health/reproductive-health/article/2001532704/zuri-died-in-the-neonatal-intensive-care-unit-ashley-mutetis-battle-with-pre-eclampsia,2026-03-06 11:58:00,'Zuri died in the Neonatal Intensive Care Unit' Ashley Muteti's battle with pre-eclampsia,2026-03-06,11,0.0,0.0,Neutral
"Support intersex children, parents told",Health,https://www.standardmedia.co.ke/health/reproductive-health/article/2001532702/support-intersex-children-parents-told,2026-03-06 11:58:00,"Support intersex children, parents told",2026-03-06,11,0.0,0.0,Neutral
Bedroom matters: Here's a treatment for 'one-minute-men',Health,https://www.standardmedia.co.ke/health/reproductive-health/article/2001451444/bedroom-matters-heres-a-treatment-for-one-minute-men,2026-03-06 11:58:00,Bedroom matters Here's a treatment for 'one-minute-men',2026-03-06,11,0.0,0.0,Neutral
"US decision on abortion divides pro-life, pro-abortion supporters",Health,https://www.standardmedia.co.ke/health/reproductive-health/article/2001450133/us-decision-on-abortion-divides-pro-life-pro-abortion-supporters,2026-03-06 11:58:00,"US decision on abortion divides pro-life, pro-abortion supporters",2026-03-06,11,0.0,0.0,Neutral
Lupus: Autoimmune disease that attacks more women than men,Health,https://www.standardmedia.co.ke/health/health-science/article/2001542047/lupus-autoimmune-disease-that-attacks-more-women-than-men,2026-03-06 11:58:00,Lupus Autoimmune disease that attacks more women than men,2026-03-06,11,0.5,0.5,Positive
Not so good news for adults on malaria vaccine,Health,https://www.standardmedia.co.ke/health/health-science/article/2001542020/not-so-good-news-for-adults-on-malaria-vaccine,2026-03-06 11:58:00,Not so good news for adults on malaria vaccine,2026-03-06,11,0.7,0.6000000000000001,Positive
Michael Panther: Lost ability to walk at 10 due to spinal TB,Health,https://www.standardmedia.co.ke/health/health-science/article/2001542049/michael-panther-lost-ability-to-walk-at-10-due-to-spinal-tb,2026-03-06 11:58:00,Michael Panther Lost ability to walk at 10 due to spinal TB,2026-03-06,11,-0.125,0.375,Negative
From back pain to paralysis: Understanding Spinal TB,Health,https://www.standardmedia.co.ke/health/health-science/article/2001542019/from-back-pain-to-paralysis-understanding-spinal-tb,2026-03-06 11:58:00,From back pain to paralysis Understanding Spinal TB,2026-03-06,11,0.0,0.0,Neutral
How ambulance shortage deepens inequality in care in slums,Health,https://www.standardmedia.co.ke/health/tech-innovation/article/2001542043/how-ambulance-shortage-deepens-inequality-in-care-in-slums,2026-03-06 11:58:00,How ambulance shortage deepens inequality in care in slums,2026-03-06,11,0.0,0.0,Neutral
"Elections: Politicians get so stressed, even suicidal",Health,https://www.standardmedia.co.ke/health/mental-health/article/2001447894/elections-politicians-get-so-stressed-even-suicidal,2026-03-06 11:58:00,"Elections Politicians get so stressed, even suicidal",2026-03-06,11,0.0,0.0,Neutral
Conversation on mental health among teenagers,Health,https://www.standardmedia.co.ke/health/mental-health/article/2001447187/conversation-on-mental-health-among-teenagers,2026-03-06 11:58:00,Conversation on mental health among teenagers,2026-03-06,11,-0.1,0.2,Neutral
Oguta and Ogweno's rise from school to stardom,Sports,https://www.standardmedia.co.ke/sports/football/article/2001542388/oguta-and-ogwenos-rise-from-school-to-stardom,2026-03-06 11:59:00,Oguta and Ogweno's rise from school to stardom,2026-03-06,11,0.0,0.0,Neutral
Kenyan universities ready to chase international honours,Sports,https://www.standardmedia.co.ke/sports/sports/article/2001542390/kenyan-universities-ready-to-chase-international-honours,2026-03-06 11:59:00,Kenyan universities ready to chase international honours,2026-03-06,11,0.1,0.25,Neutral
Doping scourge: Concerns as more athletes repeat offences,Sports,https://www.standardmedia.co.ke/sports/athletics/article/2001542386/doping-scourge-concerns-as-more-athletes-repeat-offences,2026-03-06 11:59:00,Doping scourge Concerns as more athletes repeat offences,2026-03-06,11,0.5,0.5,Positive
Easy does it as top guns dominate Nairobi Sub-Region games,Sports,https://www.standardmedia.co.ke/sports/sports/article/2001542398/easy-does-it-as-top-guns-dominate-nairobi-sub-region-games,2026-03-06 11:59:00,Easy does it as top guns dominate Nairobi Sub-Region games,2026-03-06,11,0.4666666666666667,0.6666666666666667,Positive
Posta Rangers slow down Gor Mahia's title charge,Sports,https://www.standardmedia.co.ke/sports/football/article/2001542399/posta-rangers-slow-down-gor-mahias-title-charge,2026-03-06 11:59:00,Posta Rangers slow down Gor Mahia's title charge,2026-03-06,11,-0.2277777777777778,0.34444444444444444,Negative
School Games: St Mary's Yala and Ng'iya Girls rule basketball in Siaya,Sports,https://www.standardmedia.co.ke/sports/basketball/article/2001542395/school-games-st-marys-yala-and-ngiya-girls-rule-basketball-in-siaya,2026-03-06 11:59:00,School Games St Mary's Yala and Ng'iya Girls rule basketball in Siaya,2026-03-06,11,0.0,0.0,Neutral
Local drivers eager to leave a mark in 2026 WRC Safari Rally,Sports,https://www.standardmedia.co.ke/sports/motorsport/article/2001542208/local-drivers-eager-to-leave-a-mark-in-2026-wrc-safari-rally,2026-03-06 11:59:00,Local drivers eager to leave a mark in 2026 WRC Safari Rally,2026-03-06,11,0.0,0.0,Neutral
How broken league is derailing Kenya Lionesses' future,Sports,https://www.standardmedia.co.ke/sports/rugby/article/2001541940/how-broken-league-is-derailing-kenya-lionesses-future,2026-03-06 11:59:00,How broken league is derailing Kenya Lionesses' future,2026-03-06,11,-0.2,0.2625,Negative
Prisons crowned Japanese Ambassador's Cup champions,Sports,https://www.standardmedia.co.ke/sports/unique-sports/article/2001541984/prisons-crowned-japanese-ambassadors-cup-champions,2026-03-06 11:59:00,Prisons crowned Japanese Ambassador's Cup champions,2026-03-06,11,0.0,0.0,Neutral
Kenyans Okolla and Wasike put rivals on notice ahead of bouts,Sports,https://www.standardmedia.co.ke/sports/boxing/article/2001541851/kenyans-okolla-and-wasike-put-rivals-on-notice-ahead-of-bouts,2026-03-06 11:59:00,Kenyans Okolla and Wasike put rivals on notice ahead of bouts,2026-03-06,11,0.0,0.0,Neutral
DCI arrest hapless A-Plus to extend unbeaten league run,Sports,https://www.standardmedia.co.ke/sports/volleyball-and-handball/article/2001541787/dci-arrest-hapless-a-plus-to-extend-unbeaten-league-run,2026-03-06 11:59:00,DCI arrest hapless A-Plus to extend unbeaten league run,2026-03-06,11,-0.325,0.5,Negative
"Magical Kenya Open: Indiza, Wakhu, Mediratta begin early preparations for next edition",Sports,https://www.standardmedia.co.ke/sports/golf/article/2001541649/magical-kenya-open-indiza-wakhu-mediratta-begin-early-preparations-for-next-edition,2026-03-06 11:59:00,"Magical Kenya Open Indiza, Wakhu, Mediratta begin early preparations for next edition",2026-03-06,11,0.15,0.45,Positive
Good start for Equity Hawks as Dumas falter,Sports,https://www.standardmedia.co.ke/sports/basketball/article/2001541614/good-start-for-equity-hawks-as-dumas-falter,2026-03-06 11:59:00,Good start for Equity Hawks as Dumas falter,2026-03-06,11,0.7,0.6000000000000001,Positive
"How calm Jarvis came, saw and bagged Sh60m in just four days",Sports,https://www.standardmedia.co.ke/sports/golf/article/2001541532/how-calm-jarvis-came-saw-and-bagged-sh60m-in-just-four-days,2026-03-06 11:59:00,"How calm Jarvis came, saw and bagged Sh60m in just four days",2026-03-06,11,0.30000000000000004,0.75,Positive
2026 Women's Africa Cup of Nations postponed,Sports,https://www.standardmedia.co.ke/sports/sports/article/2001542387/2026-womens-africa-cup-of-nations-postponed,2026-03-06 11:59:00,2026 Women's Africa Cup of Nations postponed,2026-03-06,11,0.0,0.0,Neutral
Bayern and Kane gambling with house money as Gladbach come to town,Sports,https://www.standardmedia.co.ke/sports/football/article/2001542356/bayern-and-kane-gambling-with-house-money-as-gladbach-come-to-town,2026-03-06 11:59:00,Bayern and Kane gambling with house money as Gladbach come to town,2026-03-06,11,0.0,0.0,Neutral
Man United defender Maguire gets Greece brawl sentence reduced,Sports,https://www.standardmedia.co.ke/sports/football/article/2001542350/man-united-defender-maguire-gets-greece-brawl-sentence-reduced,2026-03-06 11:59:00,Man United defender Maguire gets Greece brawl sentence reduced,2026-03-06,11,0.0,0.0,Neutral
Cristiano Ronaldo injured but should be fit for World Cup,Sports,https://www.standardmedia.co.ke/sports/football/article/2001542247/cristiano-ronaldo-injured-but-should-be-fit-for-world-cup,2026-03-06 11:59:00,Cristiano Ronaldo injured but should be fit for World Cup,2026-03-06,11,0.4,0.4,Positive
Real Madrid's Brazilian winger Rodrygo set to miss World Cup with knee injuryReal Madrid said Tuesday their winger Rodrygo Goes has suffered a severe knee injury which will keep him out of the World Cup with Brazil this summer.,Sports,https://www.standardmedia.co.ke/sports/football/article/2001542243/real-madrids-brazilian-winger-rodrygo-set-to-miss-world-cup-with-knee-injury,2026-03-06 11:59:00,Real Madrid's Brazilian winger Rodrygo set to miss World Cup with knee injuryReal Madrid said Tuesday their winger Rodrygo Goes has suffered a severe knee injury which will keep him out of the World Cup with Brazil this summer.,2026-03-06,11,0.2,0.30000000000000004,Positive
"War, politics clouding World Cup on 100-day countdownDonald Trump's brutal immigration crackdown, polarized politics and a war unleashed on Iran have tarnished the global image of the United States",Sports,https://www.standardmedia.co.ke/sports/football/article/2001542242/war-politics-clouding-world-cup-on-100-day-countdown,2026-03-06 11:59:00,"War, politics clouding World Cup on 100-day countdownDonald Trump's brutal immigration crackdown, polarized politics and a war unleashed on Iran have tarnished the global image of the United States",2026-03-06,11,-0.4375,0.5,Negative
"Barca must 'make the impossible possible' vs Atletico, says coach Flick",Sports,https://www.standardmedia.co.ke/sports/football/article/2001542142/barca-must-make-the-impossible-possible-vs-atletico-says-coach-flick,2026-03-06 11:59:00,"Barca must 'make the impossible possible' vs Atletico, says coach Flick",2026-03-06,11,-0.3333333333333333,1.0,Negative
Five-star AFC Leopards not ready to give up on Premier League dream,Sports,https://www.standardmedia.co.ke/sports/football/article/2001542129/five-star-afc-leopards-not-ready-to-give-up-on-premier-league-dream,2026-03-06 11:59:00,Five-star AFC Leopards not ready to give up on Premier League dream,2026-03-06,11,-0.1,0.5,Neutral
Record Kenyan champions Gor Mahia go nine points clear,Sports,https://www.standardmedia.co.ke/sports/football/article/2001541982/record-kenyan-champions-gor-mahia-go-nine-points-clear,2026-03-06 11:59:00,Record Kenyan champions Gor Mahia go nine points clear,2026-03-06,11,0.10000000000000002,0.3833333333333333,Positive
"Real Madrid face Man City, PSG draw Chelsea in Champions League last 16",Sports,https://www.standardmedia.co.ke/sports/football/article/2001541893/real-madrid-face-man-city-psg-draw-chelsea-in-champions-league-last-16,2026-03-06 11:59:00,"Real Madrid face Man City, PSG draw Chelsea in Champions League last 16",2026-03-06,11,0.1,0.18333333333333335,Neutral
AFC Leopards stumble in SPL title race,Sports,https://www.standardmedia.co.ke/sports/football/article/2001541844/afc-leopards-stumble-in-spl-title-race,2026-03-06 11:59:00,AFC Leopards stumble in SPL title race,2026-03-06,11,-0.05,0.1,Neutral
Snoop Dogg given hero's welcome in first trip to Swansea since becoming co-owner,Sports,https://www.standardmedia.co.ke/sports/football/article/2001541797/snoop-dogg-given-heros-welcome-in-first-trip-to-swansea-since-becoming-co-owner,2026-03-06 11:59:00,Snoop Dogg given hero's welcome in first trip to Swansea since becoming co-owner,2026-03-06,11,0.5,0.6944444444444445,Positive
Faith Kipyegon nominated for 2026 Laureus World Sportswoman of the Year Award,Sports,https://www.standardmedia.co.ke/sports/athletics/article/2001542174/faith-kipyegon-nominated-for-2026-laureus-world-sportswoman-of-the-year-award,2026-03-06 11:59:00,Faith Kipyegon nominated for 2026 Laureus World Sportswoman of the Year Award,2026-03-06,11,0.0,0.0,Neutral
"Marathon champion Jeptoo, Were among 27 Kenyan athletes suspended for doping violations",Sports,https://www.standardmedia.co.ke/sports/athletics/article/2001542138/marathon-champion-jeptoo-were-among-27-kenyan-athletes-suspended-for-doping-violations,2026-03-06 11:59:00,"Marathon champion Jeptoo, Were among 27 Kenyan athletes suspended for doping violations",2026-03-06,11,0.0,0.0,Neutral
Kenya finally removed from WADA watchlist,Sports,https://www.standardmedia.co.ke/sports/athletics/article/2001541981/kenya-finally-removed-from-wada-watchlist,2026-03-06 11:59:00,Kenya finally removed from WADA watchlist,2026-03-06,11,0.0,1.0,Neutral
A decade at the helm: Gianni Infantino marks 10 years as Kenya features in FIFA's long-term plan,Sports,https://www.standardmedia.co.ke/sports/football/article/2001541777/a-decade-at-the-helm-gianni-infantino-marks-10-years-as-kenya-features-in-fifas-long-term-plan,2026-03-06 11:59:00,A decade at the helm Gianni Infantino marks 10 years as Kenya features in FIFA's long-term plan,2026-03-06,11,0.0,0.0,Neutral
Beyond the playbook: Inside secrets of successful high school tacticians,Sports,https://www.standardmedia.co.ke/sports/sports/article/2001541535/beyond-the-playbook-inside-secrets-of-successful-high-school-tacticians,2026-03-06 11:59:00,Beyond the playbook Inside secrets of successful high school tacticians,2026-03-06,11,0.455,0.7449999999999999,Positive
Anest Karegi: One-handed man baffling villagers with soccer pitch exploits,Sports,https://www.standardmedia.co.ke/sports/sports/article/2001541214/anest-karegi-one-handed-man-baffling-villagers-with-soccer-pitch-exploits,2026-03-06 11:59:00,Anest Karegi One-handed man baffling villagers with soccer pitch exploits,2026-03-06,11,0.0,0.0,Neutral
Inside Victor Omune's Ingwe push to fulfil father's dream,Sports,https://www.standardmedia.co.ke/sports/football/article/2001541087/inside-victor-omunes-ingwe-push-to-fulfil-fathers-dream,2026-03-06 11:59:00,Inside Victor Omune's Ingwe push to fulfil father's dream,2026-03-06,11,0.0,0.0,Neutral
How Kevin Wekesa turned rugby platform into climate action force,Sports,https://www.standardmedia.co.ke/sports/rugby/article/2001540535/how-kevin-wekesa-turned-rugby-platform-into-climate-action-force,2026-03-06 11:59:00,How Kevin Wekesa turned rugby platform into climate action force,2026-03-06,11,0.1,0.1,Neutral
Why Rising Starlets aren't out of the woods,Sports,https://www.standardmedia.co.ke/sports/sports/article/2001540447/why-rising-starlets-arent-out-of-the-woods,2026-03-06 11:59:00,Why Rising Starlets aren't out of the woods,2026-03-06,11,0.0,0.0,Neutral
"Rugby union, SHA start health and wellness promotion drive",Sports,https://www.standardmedia.co.ke/sports/sports-health/article/2001531471/rugby-union-sha-start-health-and-wellness-promotion-drive,2026-03-06 11:59:00,"Rugby union, SHA start health and wellness promotion drive",2026-03-06,11,0.0,0.0,Neutral
"Czech parliament shields PM, speaker from trials",World,https://www.standardmedia.co.ke/world/article/2001542419/czech-parliament-shields-pm-speaker-from-trials,2026-03-06 12:00:00,"Czech parliament shields PM, speaker from trials",2026-03-06,12,0.0,0.0,Neutral
UK sends more fighter jets to Gulf: PM,World,https://www.standardmedia.co.ke/world/article/2001542418/uk-sends-more-fighter-jets-to-gulf-pm,2026-03-06 12:00:00,UK sends more fighter jets to Gulf PM,2026-03-06,12,0.5,0.5,Positive
US asked Ukraine for support in drone protection in Middle East: Zelensky,World,https://www.standardmedia.co.ke/world/article/2001542415/us-asked-ukraine-for-support-in-drone-protection-in-middle-east-zelensky,2026-03-06 12:00:00,US asked Ukraine for support in drone protection in Middle East Zelensky,2026-03-06,12,0.0,0.0,Neutral
War in the Middle East: latest developments,World,https://www.standardmedia.co.ke/asia/article/2001542380/war-in-the-middle-east-latest-developments,2026-03-06 12:00:00,War in the Middle East latest developments,2026-03-06,12,0.25,0.45,Positive
Man accused of plot to kill Trump says Iran pressured him,World,https://www.standardmedia.co.ke/america/article/2001542366/man-accused-of-plot-to-kill-trump-says-iran-pressured-him,2026-03-06 12:00:00,Man accused of plot to kill Trump says Iran pressured him,2026-03-06,12,0.0,0.0,Neutral
How Africa is 'exposed' to Middle East war,World,https://www.standardmedia.co.ke/africa/article/2001542337/how-africa-is-exposed-to-middle-east-war,2026-03-06 12:00:00,How Africa is 'exposed' to Middle East war,2026-03-06,12,0.0,0.0,Neutral
Iran FM says US will 'bitterly regret' precedent set by sinking ship,World,https://www.standardmedia.co.ke/asia/article/2001542333/iran-fm-says-us-will-bitterly-regret-precedent-set-by-sinking-ship,2026-03-06 12:00:00,Iran FM says US will 'bitterly regret' precedent set by sinking ship,2026-03-06,12,-0.1,0.5,Neutral
South Korea activates Sh9 trillion market stability fund over Mideast crisis,World,https://www.standardmedia.co.ke/world/article/2001542326/south-korea-activates-sh9-trillion-market-stability-fund-over-mideast-crisis,2026-03-06 12:00:00,South Korea activates Sh9 trillion market stability fund over Mideast crisis,2026-03-06,12,0.0,0.0,Neutral
"Taiwan opposition backs Sh1.4 trillion US arms deal, but no 'blank cheque'",World,https://www.standardmedia.co.ke/world/article/2001542324/taiwan-opposition-backs-sh14-trillion-us-arms-deal-but-no-blank-cheque,2026-03-06 12:00:00,"Taiwan opposition backs Sh1.4 trillion US arms deal, but no 'blank cheque'",2026-03-06,12,0.0,0.0,Neutral
"China boosts military spending with eyes on US, Taiwan",World,https://www.standardmedia.co.ke/world/article/2001542323/china-boosts-military-spending-with-eyes-on-us-taiwan,2026-03-06 12:00:00,"China boosts military spending with eyes on US, Taiwan",2026-03-06,12,-0.1,0.1,Neutral
At least six die in DR Congo mine collapse,World,https://www.standardmedia.co.ke/africa/article/2001542240/at-least-six-die-in-dr-congo-mine-collapse,2026-03-06 12:00:00,At least six die in DR Congo mine collapse,2026-03-06,12,-0.3,0.4,Negative
Iran claims 'complete control' of strait: Latest developments in Middle East war,World,https://www.standardmedia.co.ke/world/article/2001542248/iran-claims-complete-control-of-strait-latest-developments-in-middle-east-war,2026-03-06 12:00:00,Iran claims 'complete control' of strait Latest developments in Middle East war,2026-03-06,12,0.19999999999999998,0.43333333333333335,Positive
"Four children killed in Djibouti 'drone strike' explosion: official, NGO",World,https://www.standardmedia.co.ke/africa/article/2001542237/four-children-killed-in-djibouti-drone-strike-explosion-official-ngo,2026-03-06 12:00:00,"Four children killed in Djibouti 'drone strike' explosion official, NGO",2026-03-06,12,-0.2,0.0,Negative
US confirms joint anti-drug operations with Ecuador,World,https://www.standardmedia.co.ke/world/article/2001542229/us-confirms-joint-anti-drug-operations-with-ecuador,2026-03-06 12:00:00,US confirms joint anti-drug operations with Ecuador,2026-03-06,12,0.0,0.0,Neutral
Gabon fashion designer brings traditional raffia to Paris runways,World,https://www.standardmedia.co.ke/africa/article/2001542228/gabon-fashion-designer-brings-traditional-raffia-to-paris-runways,2026-03-06 12:00:00,Gabon fashion designer brings traditional raffia to Paris runways,2026-03-06,12,0.0,0.75,Neutral
Israel launches new strikes as Iran squeezes key oil shipping route,World,https://www.standardmedia.co.ke/world/article/2001542227/israel-launches-new-strikes-as-iran-squeezes-key-oil-shipping-route,2026-03-06 12:00:00,Israel launches new strikes as Iran squeezes key oil shipping route,2026-03-06,12,0.06818181818181818,0.7272727272727273,Neutral
Trump says US navy could escort tankers through Hormuz Strait,World,https://www.standardmedia.co.ke/america/article/2001542223/trump-says-us-navy-could-escort-tankers-through-hormuz-strait,2026-03-06 12:00:00,Trump says US navy could escort tankers through Hormuz Strait,2026-03-06,12,0.0,0.0,Neutral
Khamenei to be buried in holy city of Mashhad: Iranian media,World,https://www.standardmedia.co.ke/asia/article/2001542222/khamenei-to-be-buried-in-holy-city-of-mashhad-iranian-media,2026-03-06 12:00:00,Khamenei to be buried in holy city of Mashhad Iranian media,2026-03-06,12,0.0,0.0,Neutral
"African Union faces backlash as conflicts soar, reform calls grow",World,https://www.standardmedia.co.ke/africa/article/2001542209/african-union-faces-backlash-as-conflicts-soar-reform-calls-grow,2026-03-06 12:00:00,"African Union faces backlash as conflicts soar, reform calls grow",2026-03-06,12,0.0,0.0,Neutral
Two Turkish journalists detained in Israel,World,https://www.standardmedia.co.ke/world/article/2001542198/two-turkish-journalists-detained-in-israel,2026-03-06 12:00:00,Two Turkish journalists detained in Israel,2026-03-06,12,0.0,0.0,Neutral
EU asylum applications dropped in 2025 but Iran concerns mount,World,https://www.standardmedia.co.ke/world/article/2001542168/eu-asylum-applications-dropped-in-2025-but-iran-concerns-mount,2026-03-06 12:00:00,EU asylum applications dropped in 2025 but Iran concerns mount,2026-03-06,12,0.0,0.0,Neutral
"Mideast war energy shock could hit eurozone, ECB warns",World,https://www.standardmedia.co.ke/world/article/2001542163/mideast-war-energy-shock-could-hit-eurozone-ecb-warns,2026-03-06 12:00:00,"Mideast war energy shock could hit eurozone, ECB warns",2026-03-06,12,0.0,0.0,Neutral
Trump says US-UK relationship 'not like it used to be',World,https://www.standardmedia.co.ke/america/article/2001542151/trump-says-us-uk-relationship-not-like-it-used-to-be,2026-03-06 12:00:00,Trump says US-UK relationship 'not like it used to be',2026-03-06,12,0.0,0.0,Neutral
Helicopter crash kills two in Philippines,World,https://www.standardmedia.co.ke/asia/article/2001542150/helicopter-crash-kills-two-in-philippines,2026-03-06 12:00:00,Helicopter crash kills two in Philippines,2026-03-06,12,0.0,0.0,Neutral
Warming El Nino may return later this year: UN,World,https://www.standardmedia.co.ke/world/article/2001542148/warming-el-nino-may-return-later-this-year-un,2026-03-06 12:00:00,Warming El Nino may return later this year UN,2026-03-06,12,0.0,0.0,Neutral
Rwanda hits back at US sanctions over M23 support in DR Congo,World,https://www.standardmedia.co.ke/africa/article/2001542145/rwanda-hits-back-at-us-sanctions-over-m23-support-in-dr-congo,2026-03-06 12:00:00,Rwanda hits back at US sanctions over M23 support in DR Congo,2026-03-06,12,0.0,0.0,Neutral
The French village where Ayatollah Khomeini fomented Iran's revolution,World,https://www.standardmedia.co.ke/world/article/2001542141/the-french-village-where-ayatollah-khomeini-fomented-irans-revolution,2026-03-06 12:00:00,The French village where Ayatollah Khomeini fomented Iran's revolution,2026-03-06,12,0.0,0.0,Neutral
"Love, controversy and bold politics: The complex life of MP Johana Ng'eno",World,https://www.standardmedia.co.ke/newsbeat/article/2001542433/love-controversy-and-bold-politics-the-complex-life-of-mp-johana-ngeno,2026-03-06 12:00:00,"Love, controversy and bold politics The complex life of MP Johana Ng'eno",2026-03-06,12,0.17777777777777773,0.5555555555555555,Positive
No home to return to for woman after 25 years in prison,Counties,https://www.standardmedia.co.ke/central/article/2001542405/no-home-to-return-to-for-woman-after-25-years-in-prison,2026-03-06 12:00:00,No home to return to for woman after 25 years in prison,2026-03-06,12,0.0,0.0,Neutral
Mau and land disputes dominate prayers for chopper crash victims,Counties,https://www.standardmedia.co.ke/rift-valley/article/2001542414/mau-and-land-disputes-dominate-prayers-for-chopper-crash-victims,2026-03-06 12:00:00,Mau and land disputes dominate prayers for chopper crash victims,2026-03-06,12,0.0,0.0,Neutral
Barasa warns leaders against politicising construction of mega projects,Counties,https://www.standardmedia.co.ke/western/article/2001542389/barasa-warns-leaders-against-politicising-construction-of-mega-projects,2026-03-06 12:00:00,Barasa warns leaders against politicising construction of mega projects,2026-03-06,12,0.0,0.0,Neutral
"Governor Barasa urges unity on development, warns against politicising mega projects",Counties,https://www.standardmedia.co.ke/western/article/2001542370/governor-barasa-urges-unity-on-development-warns-against-politicising-mega-projects,2026-03-06 12:00:00,"Governor Barasa urges unity on development, warns against politicising mega projects",2026-03-06,12,0.0,0.0,Neutral
"VIDEO: Burial preparations underway for MP Johana Ng'eno, four others",Counties,https://www.standardmedia.co.ke/rift-valley/article/2001542369/video-burial-preparations-underway-for-mp-johana-ngeno-four-others,2026-03-06 12:00:00,"VIDEO Burial preparations underway for MP Johana Ng'eno, four others",2026-03-06,12,0.0,0.0,Neutral
State to launch large-scale manganese mining in Tana River,Counties,https://www.standardmedia.co.ke/coast/article/2001542352/state-to-launch-large-scale-manganese-mining-in-tana-river,2026-03-06 12:00:00,State to launch large-scale manganese mining in Tana River,2026-03-06,12,0.0,0.0,Neutral
Sakaja impeachment: Azimio MCAs disown plot remove governor from City Hall,Counties,https://www.standardmedia.co.ke/nairobi/article/2001542313/sakaja-impeachment-azimio-mcas-disown-plot-remove-governor-from-city-hall,2026-03-06 12:00:00,Sakaja impeachment Azimio MCAs disown plot remove governor from City Hall,2026-03-06,12,0.0,0.0,Neutral
Bungoma Woman Rep Wambilianga under probe over suspect NGAAF tenders,Counties,https://www.standardmedia.co.ke/western/article/2001542289/bungoma-woman-rep-wambilianga-under-probe-over-suspect-ngaaf-tenders,2026-03-06 12:00:00,Bungoma Woman Rep Wambilianga under probe over suspect NGAAF tenders,2026-03-06,12,0.0,0.0,Neutral
"UDA raids PAA, Jubilee in coast as leaders join President Ruto's side",Counties,https://www.standardmedia.co.ke/coast/article/2001542288/uda-raids-paa-jubilee-in-coast-as-leaders-join-president-rutos-side,2026-03-06 12:00:00,"UDA raids PAA, Jubilee in coast as leaders join President Ruto's side",2026-03-06,12,0.0,0.0,Neutral
High cost of living pushes up GBV cases in Naivasha,Counties,https://www.standardmedia.co.ke/rift-valley/article/2001542285/high-cost-of-living-pushes-up-gbv-cases-in-naivasha,2026-03-06 12:00:00,High cost of living pushes up GBV cases in Naivasha,2026-03-06,12,0.16,0.5399999999999999,Positive
KPA workers' union General Secretary Sang ousted after a 20-year tenure,Counties,https://www.standardmedia.co.ke/coast/article/2001542278/kpa-workers-union-general-secretary-sang-ousted-after-a-20-year-tenure,2026-03-06 12:00:00,KPA workers' union General Secretary Sang ousted after a 20-year tenure,2026-03-06,12,0.05000000000000002,0.5,Neutral
Trans Nzoia leadership faces court backlash for defying reinstatement order,Counties,https://www.standardmedia.co.ke/western/article/2001542265/trans-nzoia-leadership-faces-court-backlash-for-defying-reinstatement-order,2026-03-06 12:00:00,Trans Nzoia leadership faces court backlash for defying reinstatement order,2026-03-06,12,0.0,0.0,Neutral
"Western Kenya leaders reject deputy president debate, commit to Ruto's re-election",Counties,https://www.standardmedia.co.ke/western/article/2001542263/western-kenya-leaders-reject-deputy-president-debate-commit-to-rutos-re-election,2026-03-06 12:00:00,"Western Kenya leaders reject deputy president debate, commit to Ruto's re-election",2026-03-06,12,0.0,0.0,Neutral
"If you are a taxpayer in Western Kenya, here is why KRA is coming for you",Counties,https://www.standardmedia.co.ke/western/article/2001542192/if-you-are-a-taxpayer-in-western-kenya-here-is-why-kra-is-coming-for-you,2026-03-06 12:00:00,"If you are a taxpayer in Western Kenya, here is why KRA is coming for you",2026-03-06,12,0.0,0.0,Neutral
Sakaja impeachment resurfaces as MCAs adopt County-State agreement,Counties,https://www.standardmedia.co.ke/nairobi/article/2001542216/sakaja-impeachment-resurfaces-as-mcas-adopt-county-state-agreement,2026-03-06 12:00:00,Sakaja impeachment resurfaces as MCAs adopt County-State agreement,2026-03-06,12,0.0,0.0,Neutral
"Surrogate parents seek protection of court, release of three children",Counties,https://www.standardmedia.co.ke/nairobi/article/2001542210/surrogate-parents-seek-protection-of-court-release-of-three-children,2026-03-06 12:00:00,"Surrogate parents seek protection of court, release of three children",2026-03-06,12,0.0,0.0,Neutral
'Nandi chopper accident victim died in my arms',Counties,https://www.standardmedia.co.ke/rift-valley/article/2001542217/nandi-chopper-accident-victim-died-in-my-arms,2026-03-06 12:00:00,'Nandi chopper accident victim died in my arms',2026-03-06,12,-0.07500000000000001,0.05,Neutral
Nyanza leaders rally behind PS Omollo,Counties,https://www.standardmedia.co.ke/nyanza/article/2001542200/nyanza-leaders-rally-behind-ps-omollo,2026-03-06 12:00:00,Nyanza leaders rally behind PS Omollo,2026-03-06,12,-0.4,0.7,Negative
Freelance journalist murdered and body dumped in Naivasha,Counties,https://www.standardmedia.co.ke/rift-valley/article/2001542191/freelance-journalist-murdered-and-body-dumped-in-naivasha,2026-03-06 12:00:00,Freelance journalist murdered and body dumped in Naivasha,2026-03-06,12,0.0,0.0,Neutral
"Elders want MP-elect Tubi Jr, his sister to 'reconcile' after by-election",Counties,https://www.standardmedia.co.ke/north-eastern/article/2001542190/elders-want-mp-elect-tubi-jr-his-sister-to-reconcile-after-by-election,2026-03-06 12:00:00,"Elders want MP-elect Tubi Jr, his sister to 'reconcile' after by-election",2026-03-06,12,0.0,0.0,Neutral
Siaya men trained on parenting and sharing responsibilities,Counties,https://www.standardmedia.co.ke/nyanza/article/2001542181/siaya-men-trained-on-parenting-and-sharing-responsibilities,2026-03-06 12:00:00,Siaya men trained on parenting and sharing responsibilities,2026-03-06,12,0.0,0.0,Neutral
"Rogue elephants kill three people, destroy crops in Samburu",Counties,https://www.standardmedia.co.ke/north-eastern/article/2001542177/rogue-elephants-kill-three-people-destroy-crops-in-samburu,2026-03-06 12:00:00,"Rogue elephants kill three people, destroy crops in Samburu",2026-03-06,12,-0.2,0.0,Negative
Police arrest five suspects linked to attack at Nyalenya police station,Counties,https://www.standardmedia.co.ke/western/article/2001542166/police-arrest-five-suspects-linked-to-attack-at-nyalenya-police-station,2026-03-06 12:00:00,Police arrest five suspects linked to attack at Nyalenya police station,2026-03-06,12,-0.05,0.0,Neutral
Ongata Rongai police accused of aiding land cartels,Counties,https://www.standardmedia.co.ke/rift-valley/article/2001542160/ongata-rongai-police-accused-of-aiding-land-cartels,2026-03-06 12:00:00,Ongata Rongai police accused of aiding land cartels,2026-03-06,12,0.0,0.0,Neutral
MP Johana Ng'eno to be buried on Friday,Counties,https://www.standardmedia.co.ke/rift-valley/article/2001542152/mp-johana-ngeno-to-be-buried-on-friday,2026-03-06 12:00:00,MP Johana Ng'eno to be buried on Friday,2026-03-06,12,0.0,0.0,Neutral
"Conferences, open skies policy boost Coast tourism numbers",Counties,https://www.standardmedia.co.ke/coast/article/2001542143/conferences-open-skies-policy-boost-coast-tourism-numbers,2026-03-06 12:00:00,"Conferences, open skies policy boost Coast tourism numbers",2026-03-06,12,0.0,0.5,Neutral
Project to cushion over 650 residents of Suba South from acute water shortage kicks off,Counties,https://www.standardmedia.co.ke/nyanza/article/2001542137/project-to-cushion-over-650-residents-of-suba-south-from-acute-water-shortage-kicks-off,2026-03-06 12:00:00,Project to cushion over 650 residents of Suba South from acute water shortage kicks off,2026-03-06,12,0.6,0.9,Positive
Nairobi Water banks on new 280km piping to increase supply,Counties,https://www.standardmedia.co.ke/nairobi/article/2001542093/nairobi-water-banks-on-new-280km-piping-to-increase-supply,2026-03-06 12:00:00,Nairobi Water banks on new 280km piping to increase supply,2026-03-06,12,0.13636363636363635,0.45454545454545453,Positive
